ordem,arquivo,xOff,yOff,xSize,ySize
1,19_771.ecw,0,1271331.40996814,3226,15462
2,20_770.ecw,12971.8253062272,1288134.32368194,30254,16715
3,20_771.ecw,3225.2497643528,1248134.32368297,40001,40001
4,20_772.ecw,8431.7112141588,1208134.32368424,34794,40001
5,20_773.ecw,14534.72878954,1168134.32368594,28691,40001
6,20_774.ecw,15976.4590035024,1128134.32368654,27249,40001
7,20_775.ecw,5406.36087858398,1088134.32368723,37819,40001
8,20_776.ecw,9888.60070435156,1048134.32369044,33337,40000
9,20_777.ecw,42561.4852535872,1043506.50264715,664,4628
10,21_767.ecw,62129.7633231488,1408134.32368181,21096,38754
11,21_768.ecw,64636.4944730916,1368134.32368305,18589,40000
12,21_769.ecw,57634.3683042,1328134.32368361,25591,40001
13,21_770.ecw,43225.2498662048,1288134.32368388,40001,40001
14,21_771.ecw,43225.249867752,1248134.32368498,40001,40001
15,21_772.ecw,43225.2498721492,1208134.32368608,40001,40001
16,21_773.ecw,43225.249876512,1168134.32368717,40001,40001
17,21_774.ecw,43225.2498808388,1128134.32368828,40001,40001
18,21_775.ecw,43225.2498851313,1088134.32368938,40001,40001
19,21_776.ecw,43225.2498893868,1048134.32369049,40001,40001
20,21_777.ecw,43225.2498936104,1030933.67885215,40001,17201
21,22_766.ecw,87769.0983945325,1448134.32368186,35457,11051
22,22_767.ecw,83225.2499381721,1408134.32368273,40001,40001
23,22_768.ecw,83225.2499414112,1368134.32368382,40001,40001
24,22_769.ecw,83225.2499449472,1328134.32368491,40001,40001
25,22_770.ecw,83225.2499484568,1288134.323686,40001,40001
26,22_771.ecw,83225.2499519361,1248134.32368709,40001,40001
27,22_772.ecw,83225.2499553888,1208134.32368818,40001,40001
28,22_773.ecw,83225.2499588116,1168134.32368928,40001,40001
29,22_774.ecw,83225.2499622076,1128134.32369038,40001,40001
30,22_775.ecw,83225.2499655773,1088134.32369148,40001,40001
31,22_776.ecw,83225.2499689161,1048134.32369258,40001,40001
32,22_777.ecw,83225.2499722256,1030387.68514818,40001,17747
33,23_766.ecw,123225.250008227,1448134.32368334,40001,23882
34,23_767.ecw,123225.250008882,1408134.32368442,40001,40001
35,23_768.ecw,123225.250011658,1368134.3236855,40001,40001
36,23_769.ecw,123225.25001441,1328134.32368658,40001,40001
37,23_770.ecw,123225.250017142,1288134.32368767,40001,40001
38,23_771.ecw,123225.25001985,1248134.32368875,40001,40001
39,23_772.ecw,123225.250022536,1208134.32368985,40001,40001
40,23_773.ecw,123225.2500252,1168134.32369094,40001,40001
41,23_774.ecw,123225.250027843,1128134.32369203,40001,40001
42,23_775.ecw,123225.250030464,1088134.32369313,40001,40001
43,23_776.ecw,123225.250033062,1048134.32369423,40001,40001
44,23_777.ecw,123225.250035646,1029844.64701566,40001,18290
45,24_766.ecw,163225.250064572,1448134.32368466,40001,35893
46,24_767.ecw,163225.250065741,1408134.32368573,40001,40000
47,24_768.ecw,163225.250067882,1368134.32368682,40001,40000
48,24_769.ecw,163225.250070005,1328134.3236879,40001,40000
49,24_770.ecw,163225.250072111,1288134.32368898,40001,40000
50,24_771.ecw,163225.250074198,1248134.32369007,40001,40000
51,24_772.ecw,163225.250076271,1208134.32369116,40001,40000
52,24_773.ecw,163225.250078326,1168134.32369224,40001,40000
53,24_774.ecw,163225.250080366,1128134.32369334,40001,40000
54,24_775.ecw,163225.250082387,1088134.32369444,40001,40000
55,24_776.ecw,163225.250084392,1048134.32369553,40001,40000
56,24_777.ecw,163225.250086387,1022353.77045493,40001,25781
57,25_766.ecw,203225.25010964,1448134.32368569,40001,38585
58,25_767.ecw,203225.250110861,1408134.32368676,40001,40000
59,25_768.ecw,203225.250112497,1368134.32368784,40001,40000
60,25_769.ecw,203225.250114118,1328134.32368892,40001,40000
61,25_770.ecw,203225.250115728,1288134.32369,40001,40000
62,25_771.ecw,203225.250117325,1248134.32369109,40001,40000
63,25_772.ecw,203225.250118906,1208134.32369218,40001,40000
64,25_773.ecw,203225.250120476,1168134.32369327,40001,40000
65,25_774.ecw,203225.250122035,1128134.32369436,40001,40000
66,25_775.ecw,203225.25012358,1088134.32369545,40001,40000
67,25_776.ecw,203225.250125112,1048134.32369655,40001,40000
68,25_777.ecw,203225.250126632,1008134.32369779,40001,40000
69,25_778.ecw,210009.438032204,968134.323699132,33216,40000
70,25_779.ecw,222343.776696527,928134.323700365,20882,40000
71,25_780.ecw,229354.757744505,908653.903779224,13871,19481
72,26_765.ecw,275303.19204499,1488134.32368591,7923,3843
73,26_765A.ecw,275303.192044988,1488134.32368591,7923,3843
74,26_765B.ecw,244585.539405018,1488134.32368543,24407,5710
75,26_766.ecw,243225.250145142,1448134.32368648,40001,40000
76,26_767.ecw,243225.250146343,1408134.32368756,40001,40000
77,26_768.ecw,243225.25014758,1368134.32368863,40001,40000
78,26_769.ecw,243225.250148805,1328134.32368971,40001,40000
79,26_770.ecw,243225.250150022,1288134.32369079,40001,40000
80,26_771.ecw,243225.250151228,1248134.32369187,40001,40000
81,26_772.ecw,243225.250152427,1208134.32369296,40001,40000
82,26_773.ecw,243225.250153614,1168134.32369405,40001,40000
83,26_774.ecw,243225.250154792,1128134.32369514,40001,40000
84,26_775.ecw,243225.250155961,1088134.32369623,40001,40000
85,26_776.ecw,243225.25015712,1048134.32369732,40001,40000
86,26_777.ecw,243225.250158269,1008134.32369842,40001,40000
87,26_778.ecw,243225.250159409,968134.323699512,40001,40000
88,26_779.ecw,243225.25016054,928134.323700614,40001,40000
89,26_780.ecw,243225.250161666,889020.269096747,40001,39115
90,26_781.ecw,282984.241397598,861297.049662132,242,3890
91,26_782.ecw,281469.008487332,824323.709683053,1757,11556
92,26_792.ecw,252630.883725378,408134.323715292,30595,39712
93,26_793.ecw,256696.881534785,403743.705307383,26529,4391
94,26_796.ecw,277304.82124108,248134.32372009,5921,5639
95,26_797.ecw,277357.32551497,237439.976784807,5868,10695
96,27_765.ecw,283225.250172943,1488134.32368602,40001,9004
97,27_766.ecw,283225.250173033,1448134.3236871,40001,40000
98,27_767.ecw,283225.250173965,1408134.32368817,40001,40000
99,27_768.ecw,283225.250174889,1368134.32368924,40001,40000
100,27_769.ecw,283225.250175806,1328134.32369032,40001,40000
101,27_770.ecw,283225.250176716,1288134.3236914,40001,40000
102,27_771.ecw,283225.25017762,1248134.32369248,40001,40000
103,27_772.ecw,283225.250178515,1208134.32369357,40001,40000
104,27_773.ecw,283225.250179405,1168134.32369465,40001,40000
105,27_774.ecw,283225.250180286,1128134.32369573,40001,40000
106,27_775.ecw,283225.250181161,1088134.32369683,40001,40000
107,27_776.ecw,283225.250182028,1048134.32369792,40001,40000
108,27_777.ecw,283225.250182888,1008134.32369901,40001,40000
109,27_778.ecw,283225.250183742,968134.323700108,40001,40000
110,27_779.ecw,283225.250184589,928134.323701203,40001,40000
111,27_780.ecw,283225.250185428,888134.323702317,40001,40000
112,27_781.ecw,283225.250186735,848134.323703483,40001,40000
113,27_782.ecw,283225.250187341,808134.323704541,40001,40000
114,27_783.ecw,285873.363747416,768134.323706008,37352,40000
115,27_784.ecw,317909.511678749,758516.162873216,5316,9619
116,27_791.ecw,291788.844365827,448134.323714629,31437,25509
117,27_792.ecw,283225.250195125,408134.32371565,40001,40000
118,27_793.ecw,283225.250195756,402544.945298046,26788,5590
119,27_796.ecw,283225.25019862,248134.323720165,40001,10048
120,27_797.ecw,283225.250198723,208134.323721372,40001,40000
121,27_798.ecw,286268.440630697,168134.323722702,36957,40000
122,27_799.ecw,308383.394008847,132229.63325661,14842,35905
123,28_765.ecw,340445.852856769,1488134.32368664,22780,10950
124,28_766.ecw,323225.250194552,1448134.32368755,40001,40000
125,28_767.ecw,323225.250195238,1408134.32368863,40001,40000
126,28_768.ecw,323225.250195922,1368134.3236897,40001,40000
127,28_769.ecw,323225.250196601,1328134.32369078,40001,40000
128,28_770.ecw,323225.250197274,1288134.32369186,40001,40000
129,28_771.ecw,323225.250197941,1248134.32369294,40001,40000
130,28_772.ecw,323225.250198603,1208134.32369402,40001,40000
131,28_773.ecw,323225.250199262,1168134.3236951,40001,40000
132,28_774.ecw,323225.250199914,1128134.32369619,40001,40000
133,28_775.ecw,323225.25020056,1088134.32369728,40001,40000
134,28_776.ecw,323225.250201201,1048134.32369837,40001,40000
135,28_777.ecw,323225.250201839,1008134.32369946,40001,40000
136,28_778.ecw,323225.25020247,968134.323700555,40001,40000
137,28_779.ecw,323225.250203097,928134.32370165,40001,40000
138,28_780.ecw,323225.250203718,888134.323702749,40001,40000
139,28_781.ecw,323225.250204334,848134.323703848,40001,40000
140,28_782.ecw,323225.250204947,808134.323704954,40001,40000
141,28_783.ecw,323225.250205553,768134.323706053,40001,40000
142,28_784.ecw,323225.250206161,728134.323707331,40001,40000
143,28_785.ecw,338041.128630183,707958.574928597,25185,20176
144,28_789.ecw,334364.372051755,528134.323712818,28861,17616
145,28_790.ecw,326477.168423986,488134.323713958,36749,40000
146,28_791.ecw,323225.250210447,448134.323714957,40001,40000
147,28_792.ecw,323225.250210809,420159.566147394,40001,27975
148,28_794.ecw,332665.406221305,328134.323718429,30560,29483
149,28_795.ecw,335011.767493085,288134.323719621,28214,40000
150,28_796.ecw,323225.250213431,248134.323720589,40001,40000
151,28_797.ecw,323225.250213563,208134.323721718,40001,40000
152,28_798.ecw,323225.250214101,168134.323722847,40001,40000
153,28_799.ecw,323225.250214638,128134.323724028,40001,40000
154,28_800.ecw,329011.409396619,111977.801503606,34214,16157
155,29_765.ecw,363225.250210825,1488134.32368682,32755,31976.6763131805
156,29_766.ecw,363225.250210928,1448134.3236879,40001,40000
157,29_767.ecw,363225.250211431,1408134.32368897,40001,40000
158,29_768.ecw,363225.25021193,1368134.32369004,40001,40000
159,29_769.ecw,363225.250212427,1328134.32369111,40001,40000
160,29_770.ecw,363225.250212919,1288134.3236922,40001,40000
161,29_771.ecw,363225.250213407,1248134.32369327,40001,40000
162,29_772.ecw,363225.250213891,1208134.32369436,40001,40000
163,29_773.ecw,363225.250214373,1168134.32369544,40001,40000
164,29_774.ecw,363225.25021485,1128134.32369652,40001,40000
165,29_775.ecw,363225.250215322,1088134.32369761,40001,40000
166,29_776.ecw,363225.25021579,1048134.3236987,40001,40000
167,29_777.ecw,363225.250216256,1008134.32369979,40001,40000
168,29_778.ecw,363225.250216718,968134.323700886,40001,40000
169,29_779.ecw,363225.250217177,928134.323701981,40001,40000
170,29_780.ecw,363225.25021763,888134.32370308,40001,40000
171,29_781.ecw,363225.250218082,848134.323704176,40001,40000
172,29_782.ecw,363225.250218529,808134.323705278,40001,40000
173,29_783.ecw,363225.250218974,768134.323706381,40001,40000
174,29_784.ecw,363225.250219413,728134.323707491,40001,40000
175,29_785.ecw,363225.25021985,688134.323708653,40001,40000
176,29_786.ecw,372530.307840006,648134.323709838,30695,40000
177,29_787.ecw,381709.453350766,608134.323710952,21516,40000
178,29_788.ecw,381916.890851232,568134.323712051,21309,40000
179,29_789.ecw,363225.250221804,528134.323713038,40001,40000
180,29_790.ecw,363225.250221984,488134.323714156,40001,40000
181,29_791.ecw,363225.250222403,448134.323715277,40001,40000
182,29_792.ecw,363225.250222816,408134.323716551,40001,40000
183,29_793.ecw,380927.346834348,368134.323717628,22298,40000
184,29_794.ecw,363225.250223738,328134.323718645,40001,40000
185,29_795.ecw,363225.250224035,288134.32371977,40001,40000
186,29_796.ecw,363225.250224436,248134.323720898,40001,40000
187,29_797.ecw,363225.250224833,208134.323722024,40001,40000
188,29_798.ecw,363225.250225228,168134.32372316,40001,40000
189,29_799.ecw,363225.250225619,128134.323724292,40001,40000
190,29_800.ecw,363225.250226007,96473.4143015817,40001,31661
191,29_801.ecw,390299.238147951,46900.8395121023,12927,12910
192,29_802.ecw,393098.536612408,37725.6146391518,10127,10409
193,30_766.ecw,403225.250223364,1448134.32368815,20595,26539
194,30_767.ecw,403225.250223606,1408134.32368922,40001,40000
195,30_768.ecw,403225.250223963,1368134.32369029,40001,40000
196,30_769.ecw,403225.250224321,1328134.32369137,40001,40000
197,30_770.ecw,403225.250224677,1288134.32369245,40001,40000
198,30_771.ecw,403225.250225029,1248134.32369353,40001,40000
199,30_772.ecw,403225.250225378,1208134.32369461,40001,40000
200,30_773.ecw,403225.250225725,1168134.32369569,40001,40000
201,30_774.ecw,403225.250226069,1128134.32369677,40001,40000
202,30_775.ecw,403225.25022641,1088134.32369786,40001,40000
203,30_776.ecw,403225.250226749,1048134.32369895,40001,40000
204,30_777.ecw,403225.250227084,1008134.32370004,40001,40000
205,30_778.ecw,403225.250227419,968134.323701128,40001,40000
206,30_779.ecw,403225.250227749,928134.323702224,40001,40000
207,30_780.ecw,403225.25022808,888134.323703323,40001,40000
208,30_781.ecw,403225.250228406,848134.323704422,40001,40000
209,30_782.ecw,403225.250228727,808134.32370552,40001,40000
210,30_783.ecw,403225.250229049,768134.323706616,40001,40000
211,30_784.ecw,403225.250229368,728134.32370773,40001,40000
212,30_785.ecw,403225.250229683,688134.323708832,40001,40000
213,30_786.ecw,403225.250229996,648134.323709942,40001,40000
214,30_787.ecw,403225.250230306,608134.323711053,40001,40000
215,30_788.ecw,403225.250230615,568134.323712163,40001,40000
216,30_789.ecw,403225.25023092,528134.323713277,40001,40000
217,30_790.ecw,403225.250231224,488134.323714394,40001,40000
218,30_791.ecw,403225.250231527,448134.323715512,40001,40000
219,30_792.ecw,403225.250231824,408134.323716633,40001,40000
220,30_793.ecw,403225.250232121,368134.323717751,40001,40000
221,30_794.ecw,403225.250232415,328134.323718876,40001,40000
222,30_795.ecw,403225.250232707,288134.323720001,40001,40000
223,30_796.ecw,403225.250232998,248134.323721126,40001,40000
224,30_797.ecw,403225.250233285,208134.323722258,40001,40000
225,30_798.ecw,403225.250233571,168134.323723387,40001,40000
226,30_799.ecw,403225.250233853,128134.323724516,40001,40000
227,30_800A.ecw,403225.25023414,96627.6956265867,40001,31507
228,30_801.ecw,403225.250237141,48134.32397414,40001,40001
229,30_802.ecw,403225.250237204,27000.6791980676,40001,21134
230,31_767.ecw,443225.250232832,1408134.3236894,1834,7661
231,31_768.ecw,443225.25023288,1368134.32369048,15849,40000
232,31_769.ecw,443225.250233136,1328134.32369155,32269,40000
233,31_770.ecw,443225.250233388,1288134.32369262,40001,40000
234,31_771.ecw,443225.250233641,1248134.3236937,40001,40000
235,31_772.ecw,443225.250233889,1208134.32369479,40001,40000
236,31_773.ecw,443225.250234138,1168134.32369587,40001,40000
237,31_774.ecw,443225.250234381,1128134.32369695,40001,40000
238,31_775.ecw,443225.250234626,1088134.32369804,40001,40000
239,31_776.ecw,443225.250234867,1048134.32369912,40001,40000
240,31_777.ecw,443225.250235106,1008134.32370022,40001,40000
241,31_778.ecw,443225.250235345,968134.3237013,40001,40000
242,31_779.ecw,443225.250235581,928134.323702399,40001,40000
243,31_780.ecw,443225.250235814,888134.323703498,40001,40000
244,31_781.ecw,443225.250236048,848134.323704597,40001,40000
245,31_782.ecw,443225.250236278,808134.323705696,40001,40000
246,31_783.ecw,443225.250236508,768134.323706791,40001,40000
247,31_784.ecw,443225.250236735,728134.323707901,40001,40000
248,31_785.ecw,443225.25023696,688134.323709004,40001,40000
249,31_786.ecw,443225.250237183,648134.323710114,40001,40000
250,31_787.ecw,443225.250237406,608134.323711224,40001,40000
251,31_788.ecw,443225.250237626,568134.323712334,40001,40000
252,31_789.ecw,443225.250237844,528134.323713444,40001,40000
253,31_790.ecw,443225.250238061,488134.323714562,40001,40000
254,31_791.ecw,443225.250238275,448134.323715676,40001,40000
255,31_792.ecw,443225.25023849,408134.323716797,40001,40000
256,31_793.ecw,443225.250238703,368134.323717918,40001,40000
257,31_794.ecw,443225.250238912,328134.32371904,40001,40000
258,31_795.ecw,443225.250239121,288134.323720165,40001,40000
259,31_796.ecw,443225.250241854,248134.323973116,40001,40001
260,31_797.ecw,443225.250242034,208134.323973186,40001,40001
261,31_798.ecw,443225.250242216,168134.323973257,40001,40001
262,31_799.ecw,443225.250242395,128134.32397332,40001,40001
263,31_800.ecw,443225.250242478,88134.3239742294,40001,40001
264,31_801.ecw,443225.250240337,48134.3237269521,40001,40000
265,31_802.ecw,443225.250242924,29539.901302252,15243,18595
266,32_770.ecw,483225.250239808,1288134.32369275,40001,28654
267,32_771.ecw,483225.250239928,1248134.32369383,40001,40000
268,32_772.ecw,483225.250240104,1208134.32369491,40001,40000
269,32_773.ecw,483225.250240276,1168134.32369599,40001,40000
270,32_774.ecw,483225.250240451,1128134.32369707,40001,40000
271,32_775.ecw,483225.250240621,1088134.32369816,40001,40000
272,32_776.ecw,483225.250240791,1048134.32369925,40001,40000
273,32_777.ecw,483225.250240961,1008134.32370034,40001,40000
274,32_778.ecw,483225.250241127,968134.323701434,40001,40000
275,32_779.ecw,483225.250241295,928134.323702522,40001,40000
276,32_780.ecw,483225.250254721,888134.323978044,40000,40000
277,32_781.ecw,483225.250254721,848134.323978044,40000,40000
278,32_782.ecw,483225.250241785,808134.323705815,40001,40000
279,32_783.ecw,483225.250241947,768134.323706917,40001,40000
280,32_784.ecw,483225.250242105,728134.32370802,40001,40000
281,32_785.ecw,483225.250242264,688134.323709127,40001,40000
282,32_786.ecw,483225.250242422,648134.323710233,40001,40000
283,32_787.ecw,483225.25024258,608134.323711343,40001,40000
284,32_788.ecw,483225.250242734,568134.323712453,40001,40000
285,32_789.ecw,483225.250242888,528134.32371356,40001,40000
286,32_790.ecw,483225.250243043,488134.323714681,40001,40000
287,32_791.ecw,483225.250243193,448134.323715795,40001,40000
288,32_792.ecw,483225.250243344,408134.323716916,40001,40000
289,32_793.ecw,483225.250243493,368134.323718034,40001,40000
290,32_794.ecw,483225.250243642,328134.323719155,40001,40000
291,32_795.ecw,483225.250243789,288134.323720284,40001,40000
292,32_796.ecw,483225.250246329,248134.323973238,40001,40001
293,32_797.ecw,483225.250246451,208134.323973306,40001,40001
294,32_798.ecw,483225.250246574,168134.323973373,40001,40001
295,32_799.ecw,483225.250246698,128134.323974289,40001,40001
296,32_800.ecw,483225.250246816,88134.3239743486,40001,40001
297,32_801.ecw,483225.250246938,48134.3239744529,40001,40000
298,32_802.ecw,500870.130529164,19373.9173300564,22356,28761
299,33_770.ecw,523225.250244366,1288134.32369284,30003,25740
300,33_771.ecw,523225.250244443,1248134.32369392,40001,40000
301,33_772.ecw,523225.250244564,1208134.323695,40001,40000
302,33_773.ecw,523225.250244685,1168134.32369608,40001,40000
303,33_774.ecw,523225.250244805,1128134.32369716,40001,40000
304,33_775.ecw,523225.250244925,1088134.32369825,40001,40000
305,33_776.ecw,523225.250245042,1048134.32369934,40001,40000
306,33_777.ecw,523225.250245161,1008134.32370043,40001,40000
307,33_778.ecw,523225.250254721,968134.323978044,40000,40000
308,33_779.ecw,523225.250254721,928134.323978044,40000,40000
309,33_780.ecw,523225.250254721,888134.323978044,40000,40000
310,33_781.ecw,523225.250254721,848134.323978044,40000,40000
311,33_782.ecw,523225.250245736,808134.323705904,40001,40000
312,33_783.ecw,523225.250245846,768134.323706996,40001,40000
313,33_784.ecw,523225.250245959,728134.323708106,40001,40000
314,33_785.ecw,523225.250246068,688134.323709209,40001,40000
315,33_786.ecw,523225.25024618,648134.323710315,40001,40000
316,33_787.ecw,523225.250246288,608134.323711425,40001,40000
317,33_788.ecw,523225.250246396,568134.323712535,40001,40000
318,33_789.ecw,523225.250246504,528134.323713645,40001,40000
319,33_790.ecw,523225.25024661,488134.323714763,40001,40000
320,33_791.ecw,523225.250246716,448134.323715877,40001,40000
321,33_792.ecw,523225.250246821,408134.323716998,40001,40000
322,33_793.ecw,523225.250246927,368134.323718116,40001,40000
323,33_794.ecw,523225.250247028,328134.323719237,40001,40000
324,33_795.ecw,523225.250247131,288134.323720362,40001,40000
325,33_796.ecw,523225.250249496,248134.32397332,40001,40000
326,33_797.ecw,523225.250249575,208134.323973384,40001,40000
327,33_798.ecw,523225.250249654,168134.323973451,40001,40000
328,33_799.ecw,523225.250249737,128134.323974371,40001,40000
329,33_800.ecw,523225.250249814,88134.3239744306,40001,40000
330,33_801.ecw,523225.250249887,48134.3239736445,40001,40000
331,33_802.ecw,523225.250249964,8134.32397372648,40001,40000
332,33_803.ecw,542026.77937099,0,21199,8135
333,34_771.ecw,563225.250247668,1248134.32369398,13152,22911
334,34_772.ecw,563225.250247715,1208134.32369506,40001,40000
335,34_773.ecw,563225.250247796,1168134.32369614,40001,40000
336,34_774.ecw,563225.250247877,1128134.32369722,40001,40000
337,34_775.ecw,563225.25024796,1088134.32369831,40001,40000
338,34_776.ecw,563225.250248043,1048134.3236994,40001,40000
339,34_777.ecw,563225.250248123,1008134.32370049,40001,40000
340,34_778.ecw,563225.250254721,968134.323978044,40000,40000
341,34_779.ecw,563225.250254721,928134.323978044,40000,40000
342,34_780.ecw,563225.250254721,888134.323978044,40000,40000
343,34_781.ecw,563225.250254721,848134.323978044,40000,40000
344,34_782.ecw,563225.25024852,808134.323705956,40001,40000
345,34_783.ecw,563225.250248596,768134.323707059,40001,40000
346,34_784.ecw,563225.250248674,728134.323708162,40001,40000
347,34_785.ecw,563225.250248749,688134.323709264,40001,40000
348,34_786.ecw,563225.250248826,648134.323710371,40001,40000
349,34_787.ecw,563225.2502489,608134.323711481,40001,40000
350,34_788.ecw,563225.250248975,568134.323712595,40001,40000
351,34_789.ecw,563225.25024905,528134.323713701,40001,40000
352,34_790.ecw,563225.250249122,488134.323714815,40001,40000
353,34_791.ecw,563225.250249196,448134.323715933,40001,40000
354,34_792.ecw,563225.250249268,408134.32371705,40001,40000
355,34_793.ecw,563225.250249339,368134.323718168,40001,40000
356,34_794.ecw,563225.250249413,328134.323719293,40001,40000
357,34_795.ecw,563225.250249483,288134.323720414,40001,40000
358,34_796.ecw,563225.250251682,248134.323973373,40001,40000
359,34_797.ecw,563225.25025173,208134.323973436,40001,40000
360,34_798.ecw,563225.250251782,168134.323973496,40001,40000
361,34_799.ecw,563225.250251835,128134.323974423,40001,40000
362,34_800.ecw,563225.250251883,88134.323974479,40001,40000
363,34_801.ecw,563225.25025193,48134.3239745423,40001,40000
364,34_802.ecw,563225.25025199,7935.19775388762,40001,40200
365,34_803.ecw,563225.250252027,1751.56562463194,3599,6383
366,35_772.ecw,603225.250249921,1208134.32369509,15024,16727
367,35_773.ecw,603225.250249944,1168134.32369618,36819,40000
368,35_774.ecw,603225.250250001,1128134.32369726,40001,40000
369,35_775.ecw,603225.250250061,1088134.32369835,40001,40000
370,35_776.ecw,603225.250250117,1048134.32369944,40001,40000
371,35_777.ecw,603225.250250174,1008134.32370052,40001,40000
372,35_778.ecw,603225.250254721,968134.323978044,40000,40000
373,35_779.ecw,603225.250254721,928134.323978044,40000,40000
374,35_780.ecw,603225.250254721,888134.323978044,40000,40000
375,35_781.ecw,603225.250254721,848134.323978044,40000,40000
376,35_782.ecw,603225.250250444,808134.323705994,40001,40000
377,35_783.ecw,603225.250250497,768134.323707096,40001,40000
378,35_784.ecw,603225.250250548,728134.323708199,40001,40000
379,35_785.ecw,603225.250250602,688134.323709302,40001,40000
380,35_786.ecw,603225.250250655,648134.323710408,40001,40000
381,35_787.ecw,603225.250250706,608134.323711514,40001,40000
382,35_788.ecw,603225.250250757,568134.323712625,40001,40000
383,35_789.ecw,603225.250250808,528134.323713735,40001,40000
384,35_790.ecw,603225.250250857,488134.323714852,40001,40000
385,35_791.ecw,603225.250250907,448134.323715966,40001,40000
386,35_792.ecw,603225.250250958,408134.323717084,40001,40000
387,35_793.ecw,603225.250251008,368134.323718201,40001,40000
388,35_794.ecw,603225.250251057,328134.323719326,40001,40000
389,35_795.ecw,603225.250251106,288134.323720448,40001,40000
390,35_796.ecw,603225.250251154,248134.323721576,40001,40000
391,35_797.ecw,603225.250251202,208134.323722702,40001,40000
392,35_798.ecw,603225.25025125,168134.32372383,40001,40000
393,35_799.ecw,603225.250251299,128134.323724963,40001,40000
394,35_800.ecw,603225.250251345,88134.3237260878,40001,40000
395,35_801.ecw,603225.250251392,48134.3237272277,40001,40000
396,35_802.ecw,603225.250251434,12733.007810276,40001,35402
397,36_774.ecw,643225.250254725,1128134.32397804,12472,28260
398,36_775.ecw,643225.250254725,1088134.32397804,28335,40000
399,36_776.ecw,643225.250254725,1048134.32397804,40000,40000
400,36_777.ecw,643225.250254721,1008134.32397804,40000,40000
401,36_778.ecw,643225.250254721,968134.323978044,40000,40000
402,36_779.ecw,643225.250254721,928134.323978044,40000,40000
403,36_780.ecw,643225.250254721,888134.323978044,40000,40000
404,36_781.ecw,643225.250254721,848134.323978044,40000,40000
405,36_782.ecw,643225.25025175,808134.323706016,40001,40000
406,36_783.ecw,643225.250251786,768134.323707119,40001,40000
407,36_784.ecw,643225.250251822,728134.323708221,40001,40000
408,36_785.ecw,643225.250251859,688134.323709324,40001,40000
409,36_786.ecw,643225.250251892,648134.32371043,40001,40000
410,36_787.ecw,643225.250251927,608134.323711537,40001,40000
411,36_788.ecw,643225.250251964,568134.323712647,40001,40000
412,36_789.ecw,643225.250251997,528134.323713757,40001,40000
413,36_790.ecw,643225.250252032,488134.323714875,40001,40000
414,36_791.ecw,643225.250252067,448134.323715989,40001,40000
415,36_792.ecw,643225.250252102,408134.32371711,40001,40000
416,36_793.ecw,643225.250252135,368134.323718224,40001,40000
417,36_794.ecw,643225.250252171,328134.323719345,40001,40000
418,36_795.ecw,643225.250252204,288134.32372047,40001,40000
419,36_796.ecw,643225.250252237,248134.323721595,40001,40000
420,36_797.ecw,643225.25025227,208134.32372272,40001,40000
421,36_798.ecw,643225.250252304,168134.323723849,40001,40000
422,36_799.ecw,643225.250252336,128134.323724978,40001,40000
423,36_800.ecw,643225.250252369,88134.3237261102,40001,40000
424,36_801.ecw,643225.250252399,48134.3237272501,40001,40000
425,36_802.ecw,643225.250252435,18110.0621417761,40001,30025
426,37_776.ecw,683225.250254729,1048134.32397804,14696,25101
427,37_777.ecw,683225.250254729,1008134.32397804,29160,40000
428,37_778.ecw,683225.250254729,968134.32397804,33932,40000
429,37_779.ecw,683225.250254729,928134.323978044,40000,40000
430,37_780.ecw,683225.250254721,888134.323978044,40000,40000
431,37_781.ecw,683225.250254721,848134.323978044,40000,40000
432,37_782.ecw,683225.25025262,808134.323706031,40001,40000
433,37_783.ecw,683225.250252644,768134.32370713,40001,40000
434,37_784.ecw,683225.250252669,728134.323708236,40001,40000
435,37_785.ecw,683225.250252693,688134.323709335,40001,40000
436,37_786.ecw,683225.250252717,648134.323710442,40001,40000
437,37_787.ecw,683225.250252742,608134.323711552,40001,40000
438,37_788.ecw,683225.250252766,568134.323712662,40001,40000
439,37_789.ecw,683225.250252791,528134.323713772,40001,40000
440,37_790.ecw,683225.250252815,488134.323714886,40001,40000
441,37_791.ecw,683225.250252839,448134.323716,40001,40000
442,37_792.ecw,683225.250252862,408134.323717117,40001,40000
443,37_793.ecw,683225.250252886,368134.323718235,40001,40000
444,37_794.ecw,683225.25025291,328134.323719356,40001,40000
445,37_795.ecw,683225.250252931,288134.323720481,40001,40000
446,37_796.ecw,683225.250252954,248134.323721606,40001,40000
447,37_797.ecw,683225.250252979,208134.323722728,40001,40000
448,37_798.ecw,683225.250253001,168134.32372386,40001,40000
449,37_799.ecw,683225.250253024,128134.323724989,40001,40000
450,37_800.ecw,683225.250253045,88134.3237261213,40001,40000
451,37_801.ecw,683225.250253077,48134.3237272575,40001,40000
452,37_802.ecw,683225.250253099,36688.5030536428,19676,11446
453,38_779.ecw,723225.250253147,928134.323702745,6201,15986
454,38_780.ecw,723225.250254721,888134.32397804,28125,40000
455,38_781.ecw,723225.250254721,848134.323978044,40000,40000
456,38_782.ecw,723225.250253188,808134.323706038,40001,40000
457,38_783.ecw,723225.250253207,768134.323707134,40001,40000
458,38_784.ecw,723225.250253222,728134.32370824,40001,40000
459,38_785.ecw,723225.250253242,688134.323709339,40001,40000
460,38_786.ecw,723225.250253259,648134.323710449,40001,40000
461,38_787.ecw,723225.250253276,608134.323711552,40001,40000
462,38_788.ecw,723225.250253293,568134.323712666,40001,40000
463,38_789.ecw,723225.250253309,528134.323713776,40001,40000
464,38_790.ecw,723225.250253325,488134.32371489,40001,40000
465,38_791.ecw,723225.250253343,448134.323716007,40001,40000
466,38_792.ecw,723225.25025336,408134.323717125,40001,40000
467,38_793.ecw,723225.250253375,368134.323718242,40001,40000
468,38_794.ecw,723225.250253394,328134.323719364,40001,40000
469,38_795.ecw,723225.25025341,288134.323720485,40001,40000
470,38_796.ecw,723225.250253424,248134.32372161,40001,40000
471,38_797.ecw,723225.25025344,208134.323722739,40001,40000
472,38_798.ecw,723225.250253457,168134.323723864,40001,40000
473,38_799.ecw,723225.250253472,128134.323724996,40001,40000
474,38_800.ecw,723225.250253489,88134.3237261251,40001,40000
475,38_801.ecw,723225.250253506,61515.7369816378,39192,26619
476,39_781.ecw,763225.250253554,848134.323704943,6491,24799
477,39_782.ecw,763225.250253563,808134.323706035,40001,40000
478,39_783.ecw,763225.250253572,768134.323707137,40001,40000
479,39_784.ecw,763225.250253586,728134.32370824,40001,40000
480,39_785.ecw,763225.250253596,688134.323709339,40001,40000
481,39_786.ecw,763225.25025361,648134.323710449,40001,40000
482,39_787.ecw,763225.250253622,608134.323711552,40001,40000
483,39_788.ecw,763225.250253633,568134.323712669,40001,40000
484,39_789.ecw,763221.250254721,528130.323978044,40008,40008
485,39_790.ecw,763225.25025366,488134.32371489,40001,40000
486,39_791.ecw,763225.25025367,448134.323716007,40001,40000
487,39_792.ecw,763225.250253684,408134.323717125,40001,40000
488,39_793.ecw,763225.250253696,368134.323718242,40001,40000
489,39_794.ecw,763225.250253706,328134.32371936,40001,40000
490,39_795.ecw,763225.250253719,288134.323720485,40001,40000
491,39_796.ecw,763225.250253731,248134.323721614,40001,40000
492,39_797.ecw,763225.250253743,208134.323722739,40001,40000
493,39_798.ecw,763225.250253753,168134.323723864,40001,40000
494,39_799.ecw,763225.250253767,128134.323724996,40001,40000
495,39_800.ecw,763225.250253781,88667.790263921,40001,39467
496,40_782.ecw,803225.25025381,808134.323706035,7945,6342
497,40_783.ecw,803225.250253813,768134.323707137,40001,40000
498,40_784.ecw,803225.250253821,728134.323708236,40001,40000
499,40_785.ecw,803225.250253832,688134.323709339,40001,40000
500,40_786.ecw,803225.25025384,648134.323710442,40001,40000
501,40_787.ecw,803225.250253848,608134.323711552,40001,40000
502,40_788.ecw,803225.25025386,568134.323712662,40001,40000
503,40_789.ecw,803225.250253867,528134.323713776,40001,40000
504,40_790.ecw,803225.250253876,488134.32371489,40001,40000
505,40_791.ecw,803225.250253886,448134.323716,40001,40000
506,40_792.ecw,803225.250253895,408134.323717121,40001,40000
507,40_793.ecw,803225.250253904,368134.323718239,40001,40000
508,40_794.ecw,803225.250253912,328134.32371936,40001,40000
509,40_795.ecw,803225.250253921,288134.323720485,40001,40000
510,40_796.ecw,803225.25025393,248134.32372161,40001,40000
511,40_797.ecw,803225.250253939,208134.323722735,40001,40000
512,40_798.ecw,803225.250253949,168134.32372386,40001,40000
513,40_799.ecw,803225.250253956,128134.323724993,40001,40000
514,40_800.ecw,803225.250253966,115052.289724868,20338,13083
515,41_783.ecw,843225.250253983,768134.323707134,27807,22120
516,41_784.ecw,843225.250253986,728134.323708232,40001,40000
517,41_785.ecw,843225.250253988,688134.323709339,40001,40000
518,41_786.ecw,843225.250253996,648134.323710442,40001,40000
519,41_787.ecw,843225.250254003,608134.323711552,40001,40000
520,41_788.ecw,843225.250254012,568134.323712662,40001,40000
521,41_789.ecw,843221.250254721,528130.323978044,40008,40008
522,41_790.ecw,843225.250254026,488134.323714886,40001,40000
523,41_791.ecw,843225.250254033,448134.323716,40001,40000
524,41_792.ecw,843225.250254039,408134.323717117,40001,40000
525,41_793.ecw,843225.250254047,368134.323718235,40001,40000
526,41_794.ecw,843225.250254053,328134.323719356,40001,40000
527,41_795.ecw,843225.25025406,288134.323720481,40001,40000
528,41_796.ecw,843225.250254068,248134.323721606,40001,40000
529,41_797.ecw,843225.250254076,208134.323722728,40001,40000
530,41_798.ecw,843225.250254082,168134.32372386,40001,40000
531,41_799.ecw,843225.250254092,140881.870854132,40001,27253
532,42_784.ecw,883225.250254104,728134.323708229,5492,13786
533,42_785.ecw,883225.250254104,688134.323709328,21072,40000
534,42_786.ecw,883225.25025411,648134.323710442,32283,40000
535,42_787.ecw,883225.250254116,608134.323711544,34434,40000
536,42_788.ecw,883225.250254122,568134.323712654,32531,40000
537,42_789.ecw,883225.250254128,528134.323713765,25589,40000
538,42_790.ecw,883225.250254133,488134.323714886,20371,40000
539,42_791.ecw,883225.250254141,448134.323715996,15197,40000
540,42_792.ecw,883225.250254146,408134.323717117,10447,40000
541,42_793.ecw,883225.250254151,368134.323718231,9399,40000
542,42_794.ecw,883225.250254158,328134.323719352,14144,40000
543,42_795.ecw,883225.250254162,288134.323720478,16788,40000
544,42_796.ecw,883225.250254167,248134.323721606,24382,40000
545,42_797.ecw,883225.250254174,208134.323722724,39343,40000
546,42_798.ecw,883225.25025418,168134.323723853,40001,40000
547,43_798.ecw,923225.250254263,191346.38552713,3308.74974573671,15379
